{
  "HighBP": -0.8667853658428245,
  "HighChol": -0.8581816299667511,
  "CholCheck": 0.19692156005595848,
  "BMI": -0.20917389883609497,
  "Smoker": -0.8921186034519192,
  "Stroke": -0.205636549413637,
  "HeartDiseaseorAttack": -0.32245759752366465,
  "PhysActivity": 0.5672748454784774,
  "Fruits": 0.7593754315253431,
  "Veggies": 0.48208664973932813,
  "HvyAlcoholConsump": -0.24401414501442553,
  "AnyHealthcare": 0.22686263843792392,
  "NoDocbcCost": -0.30317313288514885,
  "GenHlth": -0.478618762802461,
  "MentHlth": -0.4296296094578892,
  "PhysHlth": -0.48659240979824636,
  "DiffWalk": -0.4497181253469623,
  "Sex": -0.8870208762525265,
  "Age": -0.010516355743485514,
  "Education": -0.05116153151663264,
  "Income": 0.45681288944982945
}