{
  "Age": 54.0,
  "Creatinine_Level": 1.231150617505588,
  "BUN": 17.7828233745657,
  "Diabetes": 0.0,
  "Hypertension": 0.0,
  "GFR": 69.23974143196511,
  "Urine_Output": 1288.0
}